<configuration>

	<appender name="myConsoleAppender"
		class="ch.qos.logback.core.ConsoleAppender">
		<encoder>
			<pattern>%d{dd MMM yyyy - HH:mm:ss.SSS} [%thread] %-5level
				%logger{36} - %msg%n</pattern>
		</encoder>
	</appender>

	<appender name="myFileAppender"
		class="ch.qos.logback.core.FileAppender">
		<file>mylogfile.log</file>
		<append>true</append>
		<encoder>
			<pattern>%d{dd MMM yyyy - HH:mm:ss.SSS} [%thread] %-5level
				%logger{36} - %msg%n</pattern>
		</encoder>
	</appender>

	<!-- here we configure the logger itself By default, logback uses what is 
		known as the root logger, so that is the one we will use -->
	<root level="INFO">
		<!-- We configure what appenders we want for this logger to actually utilize -->
		<appender-ref ref="myConsoleAppender" />
		<appender-ref ref="myFileAppender" />
	</root>

</configuration>